[{"model": "admin.logentry", "pk": 1, "fields": {"action_time": "2023-11-18T00:36:46.537Z", "user": 1, "content_type": 6, "object_id": "2", "object_repr": "username mwendwa", "action_flag": 2, "change_message": "[{\"changed\": {\"fields\": [\"Phone number\"]}}]"}}, {"model": "admin.logentry", "pk": 2, "fields": {"action_time": "2023-11-18T02:00:37.571Z", "user": 1, "content_type": 6, "object_id": "3", "object_repr": "username Millicent", "action_flag": 3, "change_message": ""}}, {"model": "admin.logentry", "pk": 3, "fields": {"action_time": "2023-11-18T02:00:37.681Z", "user": 1, "content_type": 6, "object_id": "2", "object_repr": "username mwendwa", "action_flag": 3, "change_message": ""}}, {"model": "admin.logentry", "pk": 4, "fields": {"action_time": "2023-11-18T02:36:57.951Z", "user": 1, "content_type": 6, "object_id": "7", "object_repr": "username tata", "action_flag": 1, "change_message": "[{\"added\": {}}]"}}, {"model": "admin.logentry", "pk": 5, "fields": {"action_time": "2023-11-18T03:11:45.309Z", "user": 1, "content_type": 6, "object_id": "10", "object_repr": "username sosos", "action_flag": 3, "change_message": ""}}, {"model": "admin.logentry", "pk": 6, "fields": {"action_time": "2023-11-18T03:11:45.409Z", "user": 1, "content_type": 6, "object_id": "9", "object_repr": "username osos", "action_flag": 3, "change_message": ""}}, {"model": "admin.logentry", "pk": 7, "fields": {"action_time": "2023-11-18T03:11:45.517Z", "user": 1, "content_type": 6, "object_id": "8", "object_repr": "username millicenttyuuolk", "action_flag": 3, "change_message": ""}}, {"model": "admin.logentry", "pk": 8, "fields": {"action_time": "2023-11-18T03:11:45.621Z", "user": 1, "content_type": 6, "object_id": "7", "object_repr": "username tata", "action_flag": 3, "change_message": ""}}, {"model": "admin.logentry", "pk": 9, "fields": {"action_time": "2023-11-18T03:11:45.724Z", "user": 1, "content_type": 6, "object_id": "6", "object_repr": "username millicenttyu", "action_flag": 3, "change_message": ""}}, {"model": "admin.logentry", "pk": 10, "fields": {"action_time": "2023-11-18T03:11:45.841Z", "user": 1, "content_type": 6, "object_id": "5", "object_repr": "username millicent", "action_flag": 3, "change_message": ""}}, {"model": "admin.logentry", "pk": 11, "fields": {"action_time": "2023-11-18T03:11:45.940Z", "user": 1, "content_type": 6, "object_id": "4", "object_repr": "username mwendwa", "action_flag": 3, "change_message": ""}}, {"model": "admin.logentry", "pk": 12, "fields": {"action_time": "2023-11-18T04:06:31.655Z", "user": 1, "content_type": 11, "object_id": "1", "object_repr": "Fruits", "action_flag": 1, "change_message": "[{\"added\": {}}]"}}, {"model": "admin.logentry", "pk": 13, "fields": {"action_time": "2023-11-18T04:06:50.841Z", "user": 1, "content_type": 11, "object_id": "2", "object_repr": "Vegetables", "action_flag": 1, "change_message": "[{\"added\": {}}]"}}, {"model": "admin.logentry", "pk": 14, "fields": {"action_time": "2023-11-18T04:09:05.795Z", "user": 1, "content_type": 11, "object_id": "3", "object_repr": "Grains and Cereals", "action_flag": 1, "change_message": "[{\"added\": {}}]"}}, {"model": "admin.logentry", "pk": 15, "fields": {"action_time": "2023-11-18T04:09:30.540Z", "user": 1, "content_type": 11, "object_id": "4", "object_repr": "Meat and Poultry", "action_flag": 1, "change_message": "[{\"added\": {}}]"}}, {"model": "admin.logentry", "pk": 16, "fields": {"action_time": "2023-11-18T04:11:12.422Z", "user": 1, "content_type": 11, "object_id": "5", "object_repr": "Equipment and Tools", "action_flag": 1, "change_message": "[{\"added\": {}}]"}}, {"model": "admin.logentry", "pk": 17, "fields": {"action_time": "2023-11-18T05:09:42.028Z", "user": 1, "content_type": 12, "object_id": "1", "object_repr": "product: Fresh beans Owner: mwendwa", "action_flag": 1, "change_message": "[{\"added\": {}}]"}}, {"model": "admin.logentry", "pk": 18, "fields": {"action_time": "2023-11-18T05:12:54.200Z", "user": 1, "content_type": 12, "object_id": "2", "object_repr": "product: Maize Owner: mwendwa", "action_flag": 1, "change_message": "[{\"added\": {}}]"}}, {"model": "admin.logentry", "pk": 19, "fields": {"action_time": "2023-11-18T05:15:53.507Z", "user": 1, "content_type": 12, "object_id": "3", "object_repr": "product: Green peas Owner: mwendwa", "action_flag": 1, "change_message": "[{\"added\": {}}]"}}, {"model": "admin.logentry", "pk": 20, "fields": {"action_time": "2023-11-19T08:15:19.448Z", "user": 1, "content_type": 14, "object_id": "2", "object_repr": "Customer: dennis Order Id: <function order_transaction_id at 0x7f55d5374160> Order amount: 15600.00", "action_flag": 3, "change_message": ""}}, {"model": "admin.logentry", "pk": 21, "fields": {"action_time": "2023-11-19T08:15:19.532Z", "user": 1, "content_type": 14, "object_id": "1", "object_repr": "Customer: dennis Order Id: <function order_transaction_id at 0x7fbd403d0160> Order amount: 15600.00", "action_flag": 3, "change_message": ""}}, {"model": "admin.logentry", "pk": 22, "fields": {"action_time": "2023-11-20T10:18:53.129Z", "user": 1, "content_type": 16, "object_id": "1", "object_repr": "Tractors", "action_flag": 1, "change_message": "[{\"added\": {}}]"}}, {"model": "admin.logentry", "pk": 23, "fields": {"action_time": "2023-11-20T10:19:41.661Z", "user": 1, "content_type": 16, "object_id": "2", "object_repr": "Implements", "action_flag": 1, "change_message": "[{\"added\": {}}]"}}, {"model": "admin.logentry", "pk": 24, "fields": {"action_time": "2023-11-20T10:24:13.470Z", "user": 1, "content_type": 17, "object_id": "1", "object_repr": "Equipment object (1)", "action_flag": 1, "change_message": "[{\"added\": {}}]"}}, {"model": "admin.logentry", "pk": 25, "fields": {"action_time": "2023-11-20T10:26:42.341Z", "user": 1, "content_type": 17, "object_id": "2", "object_repr": "Equipment object (2)", "action_flag": 1, "change_message": "[{\"added\": {}}]"}}, {"model": "admin.logentry", "pk": 26, "fields": {"action_time": "2023-11-20T10:28:32.510Z", "user": 1, "content_type": 17, "object_id": "3", "object_repr": "Equipment object (3)", "action_flag": 1, "change_message": "[{\"added\": {}}]"}}, {"model": "admin.logentry", "pk": 27, "fields": {"action_time": "2023-11-20T11:23:40.639Z", "user": 1, "content_type": 17, "object_id": "1", "object_repr": "Equipment: Tractor implement John dee Machakos", "action_flag": 2, "change_message": "[{\"changed\": {\"fields\": [\"Slug\"]}}]"}}, {"model": "admin.logentry", "pk": 28, "fields": {"action_time": "2023-11-20T11:23:58.941Z", "user": 1, "content_type": 17, "object_id": "3", "object_repr": "Equipment: combine harvester Shimba Hills", "action_flag": 2, "change_message": "[{\"changed\": {\"fields\": [\"Slug\"]}}]"}}, {"model": "admin.logentry", "pk": 29, "fields": {"action_time": "2023-11-20T11:24:20.414Z", "user": 1, "content_type": 17, "object_id": "2", "object_repr": "Equipment: Plows Kitale", "action_flag": 2, "change_message": "[{\"changed\": {\"fields\": [\"Slug\"]}}]"}}, {"model": "admin.logentry", "pk": 30, "fields": {"action_time": "2023-11-21T09:18:33.650Z", "user": 1, "content_type": 18, "object_id": "1", "object_repr": "mwendwa Green peas", "action_flag": 1, "change_message": "[{\"added\": {}}]"}}, {"model": "admin.logentry", "pk": 31, "fields": {"action_time": "2023-11-21T09:19:05.458Z", "user": 1, "content_type": 18, "object_id": "2", "object_repr": "dennis Maize", "action_flag": 1, "change_message": "[{\"added\": {}}]"}}, {"model": "admin.logentry", "pk": 32, "fields": {"action_time": "2023-11-21T09:19:37.871Z", "user": 1, "content_type": 18, "object_id": "3", "object_repr": "mwendwaqe Fresh beans", "action_flag": 1, "change_message": "[{\"added\": {}}]"}}, {"model": "admin.logentry", "pk": 33, "fields": {"action_time": "2023-11-21T09:20:04.556Z", "user": 1, "content_type": 18, "object_id": "4", "object_repr": "mwendwaqe Maize", "action_flag": 1, "change_message": "[{\"added\": {}}]"}}, {"model": "admin.logentry", "pk": 34, "fields": {"action_time": "2023-11-21T09:20:30.967Z", "user": 1, "content_type": 18, "object_id": "5", "object_repr": "dennis Green peas", "action_flag": 1, "change_message": "[{\"added\": {}}]"}}, {"model": "admin.logentry", "pk": 35, "fields": {"action_time": "2023-11-21T09:57:09.043Z", "user": 1, "content_type": 19, "object_id": "1", "object_repr": "2023-11-21 09:57:09.040993+00:00", "action_flag": 1, "change_message": "[{\"added\": {}}]"}}, {"model": "admin.logentry", "pk": 36, "fields": {"action_time": "2023-11-21T09:58:24.284Z", "user": 1, "content_type": 19, "object_id": "2", "object_repr": "2023-11-21 09:58:24.283131+00:00", "action_flag": 1, "change_message": "[{\"added\": {}}]"}}, {"model": "admin.logentry", "pk": 37, "fields": {"action_time": "2023-11-21T10:00:29.801Z", "user": 1, "content_type": 19, "object_id": "3", "object_repr": "2023-11-21 10:00:29.800530+00:00", "action_flag": 1, "change_message": "[{\"added\": {}}]"}}, {"model": "admin.logentry", "pk": 38, "fields": {"action_time": "2023-11-21T10:03:40.273Z", "user": 1, "content_type": 19, "object_id": "4", "object_repr": "2023-11-21 10:03:40.271901+00:00", "action_flag": 1, "change_message": "[{\"added\": {}}]"}}, {"model": "admin.logentry", "pk": 39, "fields": {"action_time": "2023-11-21T10:04:22.715Z", "user": 1, "content_type": 19, "object_id": "5", "object_repr": "2023-11-21 10:04:22.713226+00:00", "action_flag": 1, "change_message": "[{\"added\": {}}]"}}, {"model": "admin.logentry", "pk": 40, "fields": {"action_time": "2023-11-25T11:23:08.160Z", "user": 1, "content_type": 3, "object_id": "4", "object_repr": "Transport", "action_flag": 1, "change_message": "[{\"added\": {}}]"}}, {"model": "admin.logentry", "pk": 41, "fields": {"action_time": "2023-11-25T11:24:12.446Z", "user": 1, "content_type": 3, "object_id": "4", "object_repr": "Transport", "action_flag": 2, "change_message": "[]"}}, {"model": "admin.logentry", "pk": 42, "fields": {"action_time": "2023-11-25T11:32:57.741Z", "user": 1, "content_type": 3, "object_id": "4", "object_repr": "Transport", "action_flag": 2, "change_message": "[]"}}, {"model": "admin.logentry", "pk": 43, "fields": {"action_time": "2023-11-25T11:34:00.928Z", "user": 1, "content_type": 6, "object_id": "11", "object_repr": "username mwendwa", "action_flag": 2, "change_message": "[{\"changed\": {\"fields\": [\"Groups\"]}}]"}}, {"model": "admin.logentry", "pk": 44, "fields": {"action_time": "2023-11-25T11:36:58.797Z", "user": 1, "content_type": 3, "object_id": "4", "object_repr": "Transport", "action_flag": 2, "change_message": "[]"}}, {"model": "admin.logentry", "pk": 45, "fields": {"action_time": "2023-11-25T11:37:20.024Z", "user": 1, "content_type": 3, "object_id": "4", "object_repr": "Transport", "action_flag": 2, "change_message": "[{\"changed\": {\"fields\": [\"Permissions\"]}}]"}}, {"model": "admin.logentry", "pk": 46, "fields": {"action_time": "2023-11-25T11:39:49.655Z", "user": 1, "content_type": 3, "object_id": "4", "object_repr": "Transport", "action_flag": 2, "change_message": "[{\"changed\": {\"fields\": [\"Permissions\"]}}]"}}, {"model": "admin.logentry", "pk": 47, "fields": {"action_time": "2023-11-25T11:40:56.605Z", "user": 1, "content_type": 3, "object_id": "4", "object_repr": "Transport", "action_flag": 2, "change_message": "[{\"changed\": {\"fields\": [\"Permissions\"]}}]"}}, {"model": "admin.logentry", "pk": 48, "fields": {"action_time": "2023-11-25T11:42:26.820Z", "user": 1, "content_type": 3, "object_id": "4", "object_repr": "Transport", "action_flag": 2, "change_message": "[{\"changed\": {\"fields\": [\"Permissions\"]}}]"}}, {"model": "admin.logentry", "pk": 49, "fields": {"action_time": "2023-11-25T11:47:58.854Z", "user": 1, "content_type": 3, "object_id": "4", "object_repr": "Transport", "action_flag": 2, "change_message": "[]"}}, {"model": "admin.logentry", "pk": 50, "fields": {"action_time": "2023-11-25T11:48:17.847Z", "user": 1, "content_type": 3, "object_id": "4", "object_repr": "Transport", "action_flag": 2, "change_message": "[{\"changed\": {\"fields\": [\"Permissions\"]}}]"}}, {"model": "admin.logentry", "pk": 51, "fields": {"action_time": "2023-11-25T12:11:32.345Z", "user": 1, "content_type": 6, "object_id": "11", "object_repr": "username mwendwa", "action_flag": 2, "change_message": "[{\"changed\": {\"fields\": [\"User permissions\"]}}]"}}, {"model": "admin.logentry", "pk": 52, "fields": {"action_time": "2023-11-25T12:12:39.247Z", "user": 1, "content_type": 6, "object_id": "11", "object_repr": "username mwendwa", "action_flag": 2, "change_message": "[{\"changed\": {\"fields\": [\"User permissions\"]}}]"}}, {"model": "admin.logentry", "pk": 53, "fields": {"action_time": "2023-11-25T12:13:30.107Z", "user": 1, "content_type": 6, "object_id": "11", "object_repr": "username mwendwa", "action_flag": 2, "change_message": "[{\"changed\": {\"fields\": [\"User permissions\"]}}]"}}, {"model": "admin.logentry", "pk": 54, "fields": {"action_time": "2023-11-25T12:13:41.822Z", "user": 1, "content_type": 3, "object_id": "4", "object_repr": "Transport", "action_flag": 2, "change_message": "[{\"changed\": {\"fields\": [\"Permissions\"]}}]"}}, {"model": "admin.logentry", "pk": 55, "fields": {"action_time": "2023-11-25T12:17:38.365Z", "user": 1, "content_type": 6, "object_id": "11", "object_repr": "username mwendwa", "action_flag": 2, "change_message": "[{\"changed\": {\"fields\": [\"User permissions\"]}}]"}}, {"model": "admin.logentry", "pk": 56, "fields": {"action_time": "2023-11-25T12:27:48.590Z", "user": 1, "content_type": 3, "object_id": "4", "object_repr": "Transport", "action_flag": 2, "change_message": "[{\"changed\": {\"fields\": [\"Permissions\"]}}]"}}, {"model": "admin.logentry", "pk": 57, "fields": {"action_time": "2023-11-25T12:28:03.839Z", "user": 1, "content_type": 3, "object_id": "4", "object_repr": "Transport", "action_flag": 2, "change_message": "[{\"changed\": {\"fields\": [\"Permissions\"]}}]"}}, {"model": "admin.logentry", "pk": 58, "fields": {"action_time": "2023-11-25T12:43:22.397Z", "user": 1, "content_type": 6, "object_id": "11", "object_repr": "username mwendwa", "action_flag": 2, "change_message": "[]"}}, {"model": "admin.logentry", "pk": 59, "fields": {"action_time": "2023-11-25T13:05:42.597Z", "user": 1, "content_type": 6, "object_id": "11", "object_repr": "username mwendwa", "action_flag": 2, "change_message": "[{\"changed\": {\"fields\": [\"User permissions\"]}}]"}}, {"model": "admin.logentry", "pk": 60, "fields": {"action_time": "2023-11-25T13:10:42.402Z", "user": 1, "content_type": 6, "object_id": "11", "object_repr": "username mwendwa", "action_flag": 2, "change_message": "[{\"changed\": {\"fields\": [\"Is staff\"]}}]"}}, {"model": "admin.logentry", "pk": 61, "fields": {"action_time": "2023-11-25T13:12:04.269Z", "user": 1, "content_type": 6, "object_id": "11", "object_repr": "username mwendwa", "action_flag": 2, "change_message": "[{\"changed\": {\"fields\": [\"Superuser status\", \"Is staff\"]}}]"}}, {"model": "admin.logentry", "pk": 62, "fields": {"action_time": "2023-11-27T11:26:53.025Z", "user": 1, "content_type": 18, "object_id": "6", "object_repr": "dennis Fresh beans", "action_flag": 1, "change_message": "[{\"added\": {}}]"}}, {"model": "admin.logentry", "pk": 63, "fields": {"action_time": "2023-11-27T11:27:13.009Z", "user": 1, "content_type": 18, "object_id": "7", "object_repr": "mwendwa Fresh beans", "action_flag": 1, "change_message": "[{\"added\": {}}]"}}, {"model": "admin.logentry", "pk": 64, "fields": {"action_time": "2023-11-27T11:27:43.156Z", "user": 1, "content_type": 18, "object_id": "8", "object_repr": "tony Fresh beans", "action_flag": 1, "change_message": "[{\"added\": {}}]"}}, {"model": "admin.logentry", "pk": 65, "fields": {"action_time": "2023-11-27T11:28:04.571Z", "user": 1, "content_type": 18, "object_id": "9", "object_repr": "mwendwaqe Fresh beans", "action_flag": 1, "change_message": "[{\"added\": {}}]"}}, {"model": "admin.logentry", "pk": 66, "fields": {"action_time": "2023-11-27T13:48:04.057Z", "user": 1, "content_type": 6, "object_id": "16", "object_repr": "username charo", "action_flag": 3, "change_message": ""}}, {"model": "admin.logentry", "pk": 67, "fields": {"action_time": "2023-11-27T13:48:04.188Z", "user": 1, "content_type": 6, "object_id": "15", "object_repr": "username mumbua", "action_flag": 3, "change_message": ""}}, {"model": "admin.logentry", "pk": 68, "fields": {"action_time": "2023-11-27T13:48:04.290Z", "user": 1, "content_type": 6, "object_id": "14", "object_repr": "username frida", "action_flag": 3, "change_message": ""}}, {"model": "admin.logentry", "pk": 69, "fields": {"action_time": "2023-11-29T13:00:44.014Z", "user": 1, "content_type": 20, "object_id": "18", "object_repr": "dennis's Transport Booking", "action_flag": 3, "change_message": ""}}, {"model": "admin.logentry", "pk": 70, "fields": {"action_time": "2023-11-29T13:00:44.136Z", "user": 1, "content_type": 20, "object_id": "17", "object_repr": "dennis's Transport Booking", "action_flag": 3, "change_message": ""}}, {"model": "admin.logentry", "pk": 71, "fields": {"action_time": "2023-11-29T13:00:44.269Z", "user": 1, "content_type": 20, "object_id": "14", "object_repr": "dennis's Transport Booking", "action_flag": 3, "change_message": ""}}, {"model": "admin.logentry", "pk": 72, "fields": {"action_time": "2023-11-29T13:00:44.402Z", "user": 1, "content_type": 20, "object_id": "13", "object_repr": "dennis's Transport Booking", "action_flag": 3, "change_message": ""}}, {"model": "admin.logentry", "pk": 73, "fields": {"action_time": "2023-11-29T13:00:44.534Z", "user": 1, "content_type": 20, "object_id": "12", "object_repr": "dennis's Transport Booking", "action_flag": 3, "change_message": ""}}, {"model": "admin.logentry", "pk": 74, "fields": {"action_time": "2023-11-29T13:00:44.676Z", "user": 1, "content_type": 20, "object_id": "11", "object_repr": "dennis's Transport Booking", "action_flag": 3, "change_message": ""}}, {"model": "admin.logentry", "pk": 75, "fields": {"action_time": "2023-11-29T13:00:44.800Z", "user": 1, "content_type": 20, "object_id": "10", "object_repr": "dennis's Transport Booking", "action_flag": 3, "change_message": ""}}, {"model": "admin.logentry", "pk": 76, "fields": {"action_time": "2023-11-29T13:00:45.025Z", "user": 1, "content_type": 20, "object_id": "9", "object_repr": "tony's Transport Booking", "action_flag": 3, "change_message": ""}}, {"model": "admin.logentry", "pk": 77, "fields": {"action_time": "2023-11-29T13:00:45.149Z", "user": 1, "content_type": 20, "object_id": "8", "object_repr": "tony's Transport Booking", "action_flag": 3, "change_message": ""}}, {"model": "admin.logentry", "pk": 78, "fields": {"action_time": "2023-11-29T13:00:45.274Z", "user": 1, "content_type": 20, "object_id": "7", "object_repr": "tony's Transport Booking", "action_flag": 3, "change_message": ""}}, {"model": "admin.logentry", "pk": 79, "fields": {"action_time": "2023-11-29T13:00:45.398Z", "user": 1, "content_type": 20, "object_id": "6", "object_repr": "dennis's Transport Booking", "action_flag": 3, "change_message": ""}}, {"model": "admin.logentry", "pk": 80, "fields": {"action_time": "2023-11-29T13:00:45.515Z", "user": 1, "content_type": 20, "object_id": "5", "object_repr": "dennis's Transport Booking", "action_flag": 3, "change_message": ""}}, {"model": "admin.logentry", "pk": 81, "fields": {"action_time": "2023-11-29T13:00:45.631Z", "user": 1, "content_type": 20, "object_id": "4", "object_repr": "dennis's Transport Booking", "action_flag": 3, "change_message": ""}}, {"model": "admin.logentry", "pk": 82, "fields": {"action_time": "2023-11-29T13:00:45.747Z", "user": 1, "content_type": 20, "object_id": "3", "object_repr": "dennis's Transport Booking", "action_flag": 3, "change_message": ""}}, {"model": "admin.logentry", "pk": 83, "fields": {"action_time": "2023-11-29T13:00:45.880Z", "user": 1, "content_type": 20, "object_id": "2", "object_repr": "dennis's Transport Booking", "action_flag": 3, "change_message": ""}}, {"model": "admin.logentry", "pk": 84, "fields": {"action_time": "2023-11-29T13:00:46.005Z", "user": 1, "content_type": 20, "object_id": "1", "object_repr": "dennis's Transport Booking", "action_flag": 3, "change_message": ""}}, {"model": "admin.logentry", "pk": 85, "fields": {"action_time": "2023-11-29T13:01:37.631Z", "user": 1, "content_type": 14, "object_id": "37", "object_repr": "(37). Customer: dennis Order Id: NOVED7D0CE39-9 Order amount: 5150.00", "action_flag": 3, "change_message": ""}}, {"model": "admin.logentry", "pk": 86, "fields": {"action_time": "2023-11-29T13:01:37.768Z", "user": 1, "content_type": 14, "object_id": "36", "object_repr": "(36). Customer: dennis Order Id: NOVE8492769A-5 Order amount: 5150.00", "action_flag": 3, "change_message": ""}}, {"model": "admin.logentry", "pk": 87, "fields": {"action_time": "2023-11-29T13:01:37.901Z", "user": 1, "content_type": 14, "object_id": "35", "object_repr": "(35). Customer: dennis Order Id: NOVED35ED16B-E Order amount: 5150.00", "action_flag": 3, "change_message": ""}}, {"model": "admin.logentry", "pk": 88, "fields": {"action_time": "2023-11-29T13:01:38.033Z", "user": 1, "content_type": 14, "object_id": "34", "object_repr": "(34). Customer: dennis Order Id: NOVEC438FD67-2 Order amount: 5150.00", "action_flag": 3, "change_message": ""}}, {"model": "admin.logentry", "pk": 89, "fields": {"action_time": "2023-11-29T13:01:38.158Z", "user": 1, "content_type": 14, "object_id": "33", "object_repr": "(33). Customer: dennis Order Id: NOVE513C845B-C Order amount: 5150.00", "action_flag": 3, "change_message": ""}}, {"model": "admin.logentry", "pk": 90, "fields": {"action_time": "2023-11-29T13:01:38.278Z", "user": 1, "content_type": 14, "object_id": "32", "object_repr": "(32). Customer: dennis Order Id: NOVEE167F5E9-2 Order amount: 5150.00", "action_flag": 3, "change_message": ""}}, {"model": "admin.logentry", "pk": 91, "fields": {"action_time": "2023-11-29T13:01:38.582Z", "user": 1, "content_type": 14, "object_id": "31", "object_repr": "(31). Customer: dennis Order Id: NOVEF7D98697-A Order amount: 3605.00", "action_flag": 3, "change_message": ""}}, {"model": "admin.logentry", "pk": 92, "fields": {"action_time": "2023-11-29T13:01:38.706Z", "user": 1, "content_type": 14, "object_id": "30", "object_repr": "(30). Customer: dennis Order Id: NOVEDEDC92D3-D Order amount: 103.00", "action_flag": 3, "change_message": ""}}, {"model": "admin.logentry", "pk": 93, "fields": {"action_time": "2023-11-29T13:01:38.831Z", "user": 1, "content_type": 14, "object_id": "29", "object_repr": "(29). Customer: dennis Order Id: NOVE408085B7-F Order amount: 103.00", "action_flag": 3, "change_message": ""}}, {"model": "admin.logentry", "pk": 94, "fields": {"action_time": "2023-11-29T13:01:38.956Z", "user": 1, "content_type": 14, "object_id": "28", "object_repr": "(28). Customer: tony Order Id: NOVE67A71B69-9 Order amount: 103.00", "action_flag": 3, "change_message": ""}}, {"model": "admin.logentry", "pk": 95, "fields": {"action_time": "2023-11-29T13:01:39.105Z", "user": 1, "content_type": 14, "object_id": "27", "object_repr": "(27). Customer: tony Order Id: NOVEE8B55019-8 Order amount: 103.00", "action_flag": 3, "change_message": ""}}, {"model": "admin.logentry", "pk": 96, "fields": {"action_time": "2023-11-29T13:01:39.238Z", "user": 1, "content_type": 14, "object_id": "26", "object_repr": "(26). Customer: tony Order Id: NOVE292CED25-9 Order amount: 4120.00", "action_flag": 3, "change_message": ""}}, {"model": "admin.logentry", "pk": 97, "fields": {"action_time": "2023-11-29T13:01:39.371Z", "user": 1, "content_type": 14, "object_id": "25", "object_repr": "(25). Customer: dennis Order Id: NOVE44ECCBCE-F Order amount: 42436.00", "action_flag": 3, "change_message": ""}}, {"model": "admin.logentry", "pk": 98, "fields": {"action_time": "2023-11-29T13:01:39.579Z", "user": 1, "content_type": 14, "object_id": "24", "object_repr": "(24). Customer: dennis Order Id: NOVEA687A332-6 Order amount: 3605.00", "action_flag": 3, "change_message": ""}}, {"model": "admin.logentry", "pk": 99, "fields": {"action_time": "2023-11-29T13:01:39.718Z", "user": 1, "content_type": 14, "object_id": "23", "object_repr": "(23). Customer: dennis Order Id: NOVE90F13B74-3 Order amount: 103.00", "action_flag": 3, "change_message": ""}}, {"model": "admin.logentry", "pk": 100, "fields": {"action_time": "2023-11-29T13:01:39.836Z", "user": 1, "content_type": 14, "object_id": "22", "object_repr": "(22). Customer: dennis Order Id: NOVE9BEA0936-E Order amount: 4120.00", "action_flag": 3, "change_message": ""}}, {"model": "admin.logentry", "pk": 101, "fields": {"action_time": "2023-11-29T13:01:39.961Z", "user": 1, "content_type": 14, "object_id": "21", "object_repr": "(21). Customer: dennis Order Id: NOVE91B5DBAF-E Order amount: 103.00", "action_flag": 3, "change_message": ""}}, {"model": "admin.logentry", "pk": 102, "fields": {"action_time": "2023-11-29T13:01:40.085Z", "user": 1, "content_type": 14, "object_id": "20", "object_repr": "(20). Customer: dennis Order Id: NOVE50DD3440-9 Order amount: 206.00", "action_flag": 3, "change_message": ""}}, {"model": "admin.logentry", "pk": 103, "fields": {"action_time": "2023-11-29T13:01:40.210Z", "user": 1, "content_type": 14, "object_id": "19", "object_repr": "(19). Customer: dennis Order Id: NOVE41AE6FB2-A Order amount: 8240.00", "action_flag": 3, "change_message": ""}}, {"model": "admin.logentry", "pk": 104, "fields": {"action_time": "2023-11-29T13:01:40.326Z", "user": 1, "content_type": 14, "object_id": "18", "object_repr": "(18). Customer: dennis Order Id: NOVE1430E496-8 Order amount: 103.00", "action_flag": 3, "change_message": ""}}, {"model": "admin.logentry", "pk": 105, "fields": {"action_time": "2023-11-29T13:01:40.451Z", "user": 1, "content_type": 14, "object_id": "17", "object_repr": "(17). Customer: dennis Order Id: NOVEC0429920-0 Order amount: 21012.00", "action_flag": 3, "change_message": ""}}, {"model": "admin.logentry", "pk": 106, "fields": {"action_time": "2023-11-29T13:01:40.667Z", "user": 1, "content_type": 14, "object_id": "16", "object_repr": "(16). Customer: dennis Order Id: NOVECD498BB5-B Order amount: 14729.00", "action_flag": 3, "change_message": ""}}, {"model": "admin.logentry", "pk": 107, "fields": {"action_time": "2023-11-29T13:01:40.792Z", "user": 1, "content_type": 14, "object_id": "15", "object_repr": "(15). Customer: tony Order Id: NOVE3DBEF4EE-0 Order amount: 309.00", "action_flag": 3, "change_message": ""}}, {"model": "admin.logentry", "pk": 108, "fields": {"action_time": "2023-11-29T13:01:40.908Z", "user": 1, "content_type": 14, "object_id": "14", "object_repr": "(14). Customer: tony Order Id: NOVE121A3799-4 Order amount: 7210.00", "action_flag": 3, "change_message": ""}}, {"model": "admin.logentry", "pk": 109, "fields": {"action_time": "2023-11-29T13:01:41.024Z", "user": 1, "content_type": 14, "object_id": "13", "object_repr": "(13). Customer: tony Order Id: NOVEE8C19521-4 Order amount: 0.00", "action_flag": 3, "change_message": ""}}, {"model": "admin.logentry", "pk": 110, "fields": {"action_time": "2023-11-29T13:01:41.157Z", "user": 1, "content_type": 14, "object_id": "12", "object_repr": "(12). Customer: tony Order Id: NOVEC25A6DF7-6 Order amount: 3811.00", "action_flag": 3, "change_message": ""}}, {"model": "admin.logentry", "pk": 111, "fields": {"action_time": "2023-11-29T13:01:41.290Z", "user": 1, "content_type": 14, "object_id": "11", "object_repr": "(11). Customer: dennis Order Id: NOVE348E5C21-2 Order amount: 103.00", "action_flag": 3, "change_message": ""}}, {"model": "admin.logentry", "pk": 112, "fields": {"action_time": "2023-11-29T13:01:41.421Z", "user": 1, "content_type": 14, "object_id": "10", "object_repr": "(10). Customer: dennis Order Id: NOVE9211C9D7-2 Order amount: 7931.00", "action_flag": 3, "change_message": ""}}, {"model": "admin.logentry", "pk": 113, "fields": {"action_time": "2023-11-29T13:01:41.523Z", "user": 1, "content_type": 14, "object_id": "9", "object_repr": "(9). Customer: dennis Order Id: NOVEC6929308-2 Order amount: 7210.00", "action_flag": 3, "change_message": ""}}, {"model": "admin.logentry", "pk": 114, "fields": {"action_time": "2023-11-29T13:01:41.653Z", "user": 1, "content_type": 14, "object_id": "8", "object_repr": "(8). Customer: dennis Order Id: NOVE4DF2A492-D Order amount: 100.00", "action_flag": 3, "change_message": ""}}, {"model": "admin.logentry", "pk": 115, "fields": {"action_time": "2023-11-29T13:01:41.755Z", "user": 1, "content_type": 14, "object_id": "7", "object_repr": "(7). Customer: dennis Order Id: NOVE73395EBB-3 Order amount: 8000.00", "action_flag": 3, "change_message": ""}}, {"model": "admin.logentry", "pk": 116, "fields": {"action_time": "2023-11-29T13:01:41.880Z", "user": 1, "content_type": 14, "object_id": "6", "object_repr": "(6). Customer: dennis Order Id: NOVE4FD95D7D-A Order amount: 15600.00", "action_flag": 3, "change_message": ""}}, {"model": "admin.logentry", "pk": 117, "fields": {"action_time": "2023-11-29T13:01:42.010Z", "user": 1, "content_type": 14, "object_id": "5", "object_repr": "(5). Customer: dennis Order Id: NOVE2014E212-8 Order amount: 15600.00", "action_flag": 3, "change_message": ""}}, {"model": "admin.logentry", "pk": 118, "fields": {"action_time": "2023-11-29T13:01:42.112Z", "user": 1, "content_type": 14, "object_id": "4", "object_repr": "(4). Customer: dennis Order Id: NoveBA24045F-F Order amount: 15600.00", "action_flag": 3, "change_message": ""}}, {"model": "admin.logentry", "pk": 119, "fields": {"action_time": "2023-11-29T13:01:42.229Z", "user": 1, "content_type": 14, "object_id": "3", "object_repr": "(3). Customer: dennis Order Id: Nove9F609A75-7 Order amount: 15600.00", "action_flag": 3, "change_message": ""}}, {"model": "admin.logentry", "pk": 120, "fields": {"action_time": "2023-11-29T13:43:31.141Z", "user": 1, "content_type": 20, "object_id": "19", "object_repr": "dennis's Transport Booking", "action_flag": 3, "change_message": ""}}, {"model": "admin.logentry", "pk": 121, "fields": {"action_time": "2023-11-29T13:43:48.833Z", "user": 1, "content_type": 20, "object_id": "25", "object_repr": "dennis's Transport Booking", "action_flag": 3, "change_message": ""}}, {"model": "admin.logentry", "pk": 122, "fields": {"action_time": "2023-11-29T13:43:48.994Z", "user": 1, "content_type": 20, "object_id": "24", "object_repr": "dennis's Transport Booking", "action_flag": 3, "change_message": ""}}, {"model": "admin.logentry", "pk": 123, "fields": {"action_time": "2023-11-29T13:43:49.116Z", "user": 1, "content_type": 20, "object_id": "23", "object_repr": "dennis's Transport Booking", "action_flag": 3, "change_message": ""}}, {"model": "admin.logentry", "pk": 124, "fields": {"action_time": "2023-11-29T13:43:49.322Z", "user": 1, "content_type": 20, "object_id": "22", "object_repr": "dennis's Transport Booking", "action_flag": 3, "change_message": ""}}, {"model": "admin.logentry", "pk": 125, "fields": {"action_time": "2023-11-29T13:43:49.467Z", "user": 1, "content_type": 20, "object_id": "21", "object_repr": "dennis's Transport Booking", "action_flag": 3, "change_message": ""}}, {"model": "admin.logentry", "pk": 126, "fields": {"action_time": "2023-11-29T13:43:49.557Z", "user": 1, "content_type": 20, "object_id": "20", "object_repr": "dennis's Transport Booking", "action_flag": 3, "change_message": ""}}, {"model": "admin.logentry", "pk": 127, "fields": {"action_time": "2023-11-29T13:44:14.524Z", "user": 1, "content_type": 14, "object_id": "44", "object_repr": "(44). Customer: dennis Order Id: NOVEF4E90B46-E Order amount: 5150.00", "action_flag": 3, "change_message": ""}}, {"model": "admin.logentry", "pk": 128, "fields": {"action_time": "2023-11-29T13:44:14.630Z", "user": 1, "content_type": 14, "object_id": "43", "object_repr": "(43). Customer: dennis Order Id: NOVE76E6DD1D-C Order amount: 412.00", "action_flag": 3, "change_message": ""}}, {"model": "admin.logentry", "pk": 129, "fields": {"action_time": "2023-11-29T13:44:14.748Z", "user": 1, "content_type": 14, "object_id": "42", "object_repr": "(42). Customer: dennis Order Id: NOVEDC56095E-7 Order amount: 3605.00", "action_flag": 3, "change_message": ""}}, {"model": "admin.logentry", "pk": 130, "fields": {"action_time": "2023-11-29T13:44:14.845Z", "user": 1, "content_type": 14, "object_id": "41", "object_repr": "(41). Customer: dennis Order Id: NOVEF24D8BBA-C Order amount: 5150.00", "action_flag": 3, "change_message": ""}}, {"model": "admin.logentry", "pk": 131, "fields": {"action_time": "2023-11-29T13:44:14.964Z", "user": 1, "content_type": 14, "object_id": "40", "object_repr": "(40). Customer: dennis Order Id: NOVE4C40F4E0-D Order amount: 3708.00", "action_flag": 3, "change_message": ""}}, {"model": "admin.logentry", "pk": 132, "fields": {"action_time": "2023-11-29T13:44:15.097Z", "user": 1, "content_type": 14, "object_id": "39", "object_repr": "(39). Customer: dennis Order Id: NOVE0380DFC6-B Order amount: 3708.00", "action_flag": 3, "change_message": ""}}, {"model": "admin.logentry", "pk": 133, "fields": {"action_time": "2023-11-29T13:44:15.247Z", "user": 1, "content_type": 14, "object_id": "38", "object_repr": "(38). Customer: dennis Order Id: NOVE4E72BA4A-B Order amount: 10300.00", "action_flag": 3, "change_message": ""}}, {"model": "auth.permission", "pk": 1, "fields": {"name": "Can add log entry", "content_type": 1, "codename": "add_logentry"}}, {"model": "auth.permission", "pk": 2, "fields": {"name": "Can change log entry", "content_type": 1, "codename": "change_logentry"}}, {"model": "auth.permission", "pk": 3, "fields": {"name": "Can delete log entry", "content_type": 1, "codename": "delete_logentry"}}, {"model": "auth.permission", "pk": 4, "fields": {"name": "Can view log entry", "content_type": 1, "codename": "view_logentry"}}, {"model": "auth.permission", "pk": 5, "fields": {"name": "Can add permission", "content_type": 2, "codename": "add_permission"}}, {"model": "auth.permission", "pk": 6, "fields": {"name": "Can change permission", "content_type": 2, "codename": "change_permission"}}, {"model": "auth.permission", "pk": 7, "fields": {"name": "Can delete permission", "content_type": 2, "codename": "delete_permission"}}, {"model": "auth.permission", "pk": 8, "fields": {"name": "Can view permission", "content_type": 2, "codename": "view_permission"}}, {"model": "auth.permission", "pk": 9, "fields": {"name": "Can add group", "content_type": 3, "codename": "add_group"}}, {"model": "auth.permission", "pk": 10, "fields": {"name": "Can change group", "content_type": 3, "codename": "change_group"}}, {"model": "auth.permission", "pk": 11, "fields": {"name": "Can delete group", "content_type": 3, "codename": "delete_group"}}, {"model": "auth.permission", "pk": 12, "fields": {"name": "Can view group", "content_type": 3, "codename": "view_group"}}, {"model": "auth.permission", "pk": 13, "fields": {"name": "Can add content type", "content_type": 4, "codename": "add_contenttype"}}, {"model": "auth.permission", "pk": 14, "fields": {"name": "Can change content type", "content_type": 4, "codename": "change_contenttype"}}, {"model": "auth.permission", "pk": 15, "fields": {"name": "Can delete content type", "content_type": 4, "codename": "delete_contenttype"}}, {"model": "auth.permission", "pk": 16, "fields": {"name": "Can view content type", "content_type": 4, "codename": "view_contenttype"}}, {"model": "auth.permission", "pk": 17, "fields": {"name": "Can add session", "content_type": 5, "codename": "add_session"}}, {"model": "auth.permission", "pk": 18, "fields": {"name": "Can change session", "content_type": 5, "codename": "change_session"}}, {"model": "auth.permission", "pk": 19, "fields": {"name": "Can delete session", "content_type": 5, "codename": "delete_session"}}, {"model": "auth.permission", "pk": 20, "fields": {"name": "Can view session", "content_type": 5, "codename": "view_session"}}, {"model": "auth.permission", "pk": 21, "fields": {"name": "Can add User", "content_type": 6, "codename": "add_user"}}, {"model": "auth.permission", "pk": 22, "fields": {"name": "Can change User", "content_type": 6, "codename": "change_user"}}, {"model": "auth.permission", "pk": 23, "fields": {"name": "Can delete User", "content_type": 6, "codename": "delete_user"}}, {"model": "auth.permission", "pk": 24, "fields": {"name": "Can view User", "content_type": 6, "codename": "view_user"}}, {"model": "auth.permission", "pk": 25, "fields": {"name": "Can add Profile", "content_type": 7, "codename": "add_profile"}}, {"model": "auth.permission", "pk": 26, "fields": {"name": "Can change Profile", "content_type": 7, "codename": "change_profile"}}, {"model": "auth.permission", "pk": 27, "fields": {"name": "Can delete Profile", "content_type": 7, "codename": "delete_profile"}}, {"model": "auth.permission", "pk": 28, "fields": {"name": "Can view Profile", "content_type": 7, "codename": "view_profile"}}, {"model": "auth.permission", "pk": 29, "fields": {"name": "Can add Farmer Profile", "content_type": 8, "codename": "add_farmerprofile"}}, {"model": "auth.permission", "pk": 30, "fields": {"name": "Can change Farmer Profile", "content_type": 8, "codename": "change_farmerprofile"}}, {"model": "auth.permission", "pk": 31, "fields": {"name": "Can delete Farmer Profile", "content_type": 8, "codename": "delete_farmerprofile"}}, {"model": "auth.permission", "pk": 32, "fields": {"name": "Can view Farmer Profile", "content_type": 8, "codename": "view_farmerprofile"}}, {"model": "auth.permission", "pk": 33, "fields": {"name": "Can add equipment owner profile", "content_type": 9, "codename": "add_equipmentownerprofile"}}, {"model": "auth.permission", "pk": 34, "fields": {"name": "Can change equipment owner profile", "content_type": 9, "codename": "change_equipmentownerprofile"}}, {"model": "auth.permission", "pk": 35, "fields": {"name": "Can delete equipment owner profile", "content_type": 9, "codename": "delete_equipmentownerprofile"}}, {"model": "auth.permission", "pk": 36, "fields": {"name": "Can view equipment owner profile", "content_type": 9, "codename": "view_equipmentownerprofile"}}, {"model": "auth.permission", "pk": 37, "fields": {"name": "Can add buyer profile", "content_type": 10, "codename": "add_buyerprofile"}}, {"model": "auth.permission", "pk": 38, "fields": {"name": "Can change buyer profile", "content_type": 10, "codename": "change_buyerprofile"}}, {"model": "auth.permission", "pk": 39, "fields": {"name": "Can delete buyer profile", "content_type": 10, "codename": "delete_buyerprofile"}}, {"model": "auth.permission", "pk": 40, "fields": {"name": "Can view buyer profile", "content_type": 10, "codename": "view_buyerprofile"}}, {"model": "auth.permission", "pk": 41, "fields": {"name": "Can add category", "content_type": 11, "codename": "add_category"}}, {"model": "auth.permission", "pk": 42, "fields": {"name": "Can change category", "content_type": 11, "codename": "change_category"}}, {"model": "auth.permission", "pk": 43, "fields": {"name": "Can delete category", "content_type": 11, "codename": "delete_category"}}, {"model": "auth.permission", "pk": 44, "fields": {"name": "Can view category", "content_type": 11, "codename": "view_category"}}, {"model": "auth.permission", "pk": 45, "fields": {"name": "Can add Product", "content_type": 12, "codename": "add_product"}}, {"model": "auth.permission", "pk": 46, "fields": {"name": "Can change Product", "content_type": 12, "codename": "change_product"}}, {"model": "auth.permission", "pk": 47, "fields": {"name": "Can delete Product", "content_type": 12, "codename": "delete_product"}}, {"model": "auth.permission", "pk": 48, "fields": {"name": "Can view Product", "content_type": 12, "codename": "view_product"}}, {"model": "auth.permission", "pk": 49, "fields": {"name": "Can add Cart", "content_type": 13, "codename": "add_cart"}}, {"model": "auth.permission", "pk": 50, "fields": {"name": "Can change Cart", "content_type": 13, "codename": "change_cart"}}, {"model": "auth.permission", "pk": 51, "fields": {"name": "Can delete Cart", "content_type": 13, "codename": "delete_cart"}}, {"model": "auth.permission", "pk": 52, "fields": {"name": "Can view Cart", "content_type": 13, "codename": "view_cart"}}, {"model": "auth.permission", "pk": 53, "fields": {"name": "Can add order", "content_type": 14, "codename": "add_order"}}, {"model": "auth.permission", "pk": 54, "fields": {"name": "Can change order", "content_type": 14, "codename": "change_order"}}, {"model": "auth.permission", "pk": 55, "fields": {"name": "Can delete order", "content_type": 14, "codename": "delete_order"}}, {"model": "auth.permission", "pk": 56, "fields": {"name": "Can view order", "content_type": 14, "codename": "view_order"}}, {"model": "auth.permission", "pk": 57, "fields": {"name": "Can add order item", "content_type": 15, "codename": "add_orderitem"}}, {"model": "auth.permission", "pk": 58, "fields": {"name": "Can change order item", "content_type": 15, "codename": "change_orderitem"}}, {"model": "auth.permission", "pk": 59, "fields": {"name": "Can delete order item", "content_type": 15, "codename": "delete_orderitem"}}, {"model": "auth.permission", "pk": 60, "fields": {"name": "Can view order item", "content_type": 15, "codename": "view_orderitem"}}, {"model": "auth.permission", "pk": 61, "fields": {"name": "Can add Equipment Category", "content_type": 16, "codename": "add_equipmentcategory"}}, {"model": "auth.permission", "pk": 62, "fields": {"name": "Can change Equipment Category", "content_type": 16, "codename": "change_equipmentcategory"}}, {"model": "auth.permission", "pk": 63, "fields": {"name": "Can delete Equipment Category", "content_type": 16, "codename": "delete_equipmentcategory"}}, {"model": "auth.permission", "pk": 64, "fields": {"name": "Can view Equipment Category", "content_type": 16, "codename": "view_equipmentcategory"}}, {"model": "auth.permission", "pk": 65, "fields": {"name": "Can add Equipment", "content_type": 17, "codename": "add_equipment"}}, {"model": "auth.permission", "pk": 66, "fields": {"name": "Can change Equipment", "content_type": 17, "codename": "change_equipment"}}, {"model": "auth.permission", "pk": 67, "fields": {"name": "Can delete Equipment", "content_type": 17, "codename": "delete_equipment"}}, {"model": "auth.permission", "pk": 68, "fields": {"name": "Can view Equipment", "content_type": 17, "codename": "view_equipment"}}, {"model": "auth.permission", "pk": 69, "fields": {"name": "Can add Review", "content_type": 18, "codename": "add_review"}}, {"model": "auth.permission", "pk": 70, "fields": {"name": "Can change Review", "content_type": 18, "codename": "change_review"}}, {"model": "auth.permission", "pk": 71, "fields": {"name": "Can delete Review", "content_type": 18, "codename": "delete_review"}}, {"model": "auth.permission", "pk": 72, "fields": {"name": "Can view Review", "content_type": 18, "codename": "view_review"}}, {"model": "auth.permission", "pk": 73, "fields": {"name": "Can add Frequent Question", "content_type": 19, "codename": "add_frequentquestion"}}, {"model": "auth.permission", "pk": 74, "fields": {"name": "Can change Frequent Question", "content_type": 19, "codename": "change_frequentquestion"}}, {"model": "auth.permission", "pk": 75, "fields": {"name": "Can delete Frequent Question", "content_type": 19, "codename": "delete_frequentquestion"}}, {"model": "auth.permission", "pk": 76, "fields": {"name": "Can view Frequent Question", "content_type": 19, "codename": "view_frequentquestion"}}, {"model": "auth.permission", "pk": 77, "fields": {"name": "Can add Transport Booking", "content_type": 20, "codename": "add_transportbooking"}}, {"model": "auth.permission", "pk": 78, "fields": {"name": "Can change Transport Booking", "content_type": 20, "codename": "change_transportbooking"}}, {"model": "auth.permission", "pk": 79, "fields": {"name": "Can delete Transport Booking", "content_type": 20, "codename": "delete_transportbooking"}}, {"model": "auth.permission", "pk": 80, "fields": {"name": "Can view Transport Booking", "content_type": 20, "codename": "view_transportbooking"}}, {"model": "auth.permission", "pk": 81, "fields": {"name": "Can add quote", "content_type": 21, "codename": "add_quote"}}, {"model": "auth.permission", "pk": 82, "fields": {"name": "Can change quote", "content_type": 21, "codename": "change_quote"}}, {"model": "auth.permission", "pk": 83, "fields": {"name": "Can delete quote", "content_type": 21, "codename": "delete_quote"}}, {"model": "auth.permission", "pk": 84, "fields": {"name": "Can view quote", "content_type": 21, "codename": "view_quote"}}, {"model": "auth.permission", "pk": 85, "fields": {"name": "Can add Contact", "content_type": 22, "codename": "add_contact"}}, {"model": "auth.permission", "pk": 86, "fields": {"name": "Can change Contact", "content_type": 22, "codename": "change_contact"}}, {"model": "auth.permission", "pk": 87, "fields": {"name": "Can delete Contact", "content_type": 22, "codename": "delete_contact"}}, {"model": "auth.permission", "pk": 88, "fields": {"name": "Can view Contact", "content_type": 22, "codename": "view_contact"}}, {"model": "auth.permission", "pk": 89, "fields": {"name": "Can add Account", "content_type": 23, "codename": "add_account"}}, {"model": "auth.permission", "pk": 90, "fields": {"name": "Can change Account", "content_type": 23, "codename": "change_account"}}, {"model": "auth.permission", "pk": 91, "fields": {"name": "Can delete Account", "content_type": 23, "codename": "delete_account"}}, {"model": "auth.permission", "pk": 92, "fields": {"name": "Can view Account", "content_type": 23, "codename": "view_account"}}, {"model": "auth.permission", "pk": 93, "fields": {"name": "Can add Payment", "content_type": 24, "codename": "add_payment"}}, {"model": "auth.permission", "pk": 94, "fields": {"name": "Can change Payment", "content_type": 24, "codename": "change_payment"}}, {"model": "auth.permission", "pk": 95, "fields": {"name": "Can delete Payment", "content_type": 24, "codename": "delete_payment"}}, {"model": "auth.permission", "pk": 96, "fields": {"name": "Can view Payment", "content_type": 24, "codename": "view_payment"}}, {"model": "auth.permission", "pk": 97, "fields": {"name": "Can add Customer Session", "content_type": 25, "codename": "add_customersession"}}, {"model": "auth.permission", "pk": 98, "fields": {"name": "Can change Customer Session", "content_type": 25, "codename": "change_customersession"}}, {"model": "auth.permission", "pk": 99, "fields": {"name": "Can delete Customer Session", "content_type": 25, "codename": "delete_customersession"}}, {"model": "auth.permission", "pk": 100, "fields": {"name": "Can view Customer Session", "content_type": 25, "codename": "view_customersession"}}, {"model": "auth.group", "pk": 1, "fields": {"name": "Equipment owner", "permissions": []}}, {"model": "auth.group", "pk": 2, "fields": {"name": "Customer", "permissions": []}}, {"model": "auth.group", "pk": 3, "fields": {"name": "Farmer", "permissions": []}}, {"model": "auth.group", "pk": 4, "fields": {"name": "Transport", "permissions": [77, 78, 79, 80]}}, {"model": "sessions.session", "pk": "4686xz3ero2n2i1tpzb8w0yqwdlrcf90", "fields": {"session_data": ".eJxVjMEOwiAQRP-FsyEgrAsevfcbyAKLVA1NSnsy_rtt0oNe5jDvzbxFoHWpYe08hzGLq9BGnH7LSOnJbSf5Qe0-yTS1ZR6j3BV50C6HKfPrdrh_B5V63dYRVQHtEFJMKWrPFj2BYQ8JkcEWa85AaLQil5G01Re3BWX2ypYM4vMFAKo3qQ:1r6sTb:3XstFvyIW3MQCt-Z7Ffj-zx0ASNzMeluHn9qqgwBN0o", "expire_date": "2023-12-09T13:13:39.427Z"}}, {"model": "sessions.session", "pk": "hmzx95zck3g8fpliqfj09h8visuk493g", "fields": {"session_data": "e30:1r7bjs:tkbf0rR34wdv3oEJqfRaLAnFPsf12UR0fgh4iu3-mKo", "expire_date": "2023-12-11T13:33:28.485Z"}}, {"model": "sessions.session", "pk": "j6kfdzjejrmoxw6jrgf8jxas8zlfb4tt", "fields": {"session_data": ".eJxVjDsOAiEUAO9CbQiPP5b2ewby-MmqgWTZrYx3NyRbaDszmTfxeOzVHyNvfk3kSoBcflnA-MxtivTAdu809rZva6AzoacddOkpv25n-zeoOOrcCmWYy7wEw4pUwHnUiWkVg7EMmEsocoEorAMNoJmznCcZwWiQAZUkny-0GzZv:1r9ca8:L-AJloO6YTahb2pwTIJLoI2Pj9AWVU5CjRGQF-lZll4", "expire_date": "2023-12-17T02:51:44.814Z"}}, {"model": "accounts.user", "pk": 1, "fields": {"password": "pbkdf2_sha256$600000$JxfjnFpVTXkY7AHXFntT1y$Fw/u7qR3/d1mVSYCRXH3idJQRUAWl7JQRMPHjmSiogQ=", "last_login": "2023-12-03T02:51:44.409Z", "is_superuser": true, "username": "dennis", "first_name": "", "last_name": "", "email": "dennis@gmail.com", "is_active": true, "date_joined": "2023-11-18T00:31:16.585Z", "is_staff": true, "is_farmer": false, "is_equipment_owner": false, "is_customer": false, "gender": "", "phone_number": null, "country": "", "groups": [], "user_permissions": []}}, {"model": "accounts.user", "pk": 11, "fields": {"password": "pbkdf2_sha256$600000$aulFLs5TiKHn6gUvCO6muZ$tACBAwzduhRYO51JayglIqtFJMjYsRh0gVFCn0VO1HE=", "last_login": "2023-11-25T11:35:33Z", "is_superuser": true, "username": "mwendwa", "first_name": "Dennis", "last_name": "Mwendwa", "email": "dennis@gmail.com", "is_active": true, "date_joined": "2023-11-18T03:12:46Z", "is_staff": false, "is_farmer": true, "is_equipment_owner": false, "is_customer": false, "gender": "male", "phone_number": "+254712930893", "country": "kenya", "groups": [3, 4], "user_permissions": []}}, {"model": "accounts.user", "pk": 12, "fields": {"password": "pbkdf2_sha256$600000$ZZHi0NwIMgtXBrCKzE9pUw$l/k6QyV2oVMo+Z54CIynoExS/bJmy5zx9uJloUHm4ec=", "last_login": "2023-11-18T03:17:38.173Z", "is_superuser": false, "username": "mwendwaqe", "first_name": "Dennis", "last_name": "Mwendwa", "email": "", "is_active": true, "date_joined": "2023-11-18T03:17:36.390Z", "is_staff": false, "is_farmer": false, "is_equipment_owner": true, "is_customer": false, "gender": "male", "phone_number": "+254712930893", "country": "ghana", "groups": [1], "user_permissions": []}}, {"model": "accounts.user", "pk": 13, "fields": {"password": "pbkdf2_sha256$600000$MHEkAKh1ShVdeu28nYTmPJ$7iwnzONbzHKpKg4HG47xI5bK6ycbzaPoyxCm0sQY+j4=", "last_login": "2023-11-25T13:13:39.188Z", "is_superuser": false, "username": "tony", "first_name": "Tony", "last_name": "Muasa", "email": "", "is_active": true, "date_joined": "2023-11-21T11:53:32.115Z", "is_staff": false, "is_farmer": false, "is_equipment_owner": false, "is_customer": true, "gender": "male", "phone_number": "+2547129308938", "country": "egypt", "groups": [2], "user_permissions": []}}, {"model": "accounts.user", "pk": 17, "fields": {"password": "pbkdf2_sha256$600000$PfobaRvC43d2mS2APmoW7W$oR/1QUcEXTiWWNfkPvRMzjMsYzzU+dMc8udWQMtuU4E=", "last_login": "2023-11-27T13:50:38.869Z", "is_superuser": false, "username": "mumbua", "first_name": "Mumbua", "last_name": "Kasina", "email": "", "is_active": true, "date_joined": "2023-11-27T13:50:36.957Z", "is_staff": false, "is_farmer": true, "is_equipment_owner": false, "is_customer": false, "gender": "female", "phone_number": "+254712930899", "country": "egypt", "groups": [3], "user_permissions": []}}, {"model": "accounts.user", "pk": 18, "fields": {"password": "pbkdf2_sha256$600000$9pIPpLSjBo3ON5PkMSz0a3$YrehSLsZhjsTr2BwWInlhoWEqvPyoK8pEWcFOZxiN8o=", "last_login": "2023-12-03T02:49:30.694Z", "is_superuser": false, "username": "fatuma", "first_name": "Fatuma", "last_name": "Omar", "email": "", "is_active": true, "date_joined": "2023-12-03T02:49:28.220Z", "is_staff": false, "is_farmer": false, "is_equipment_owner": true, "is_customer": false, "gender": "female", "phone_number": "+254712930855", "country": "kenya", "groups": [1], "user_permissions": []}}, {"model": "accounts.user", "pk": 19, "fields": {"password": "pbkdf2_sha256$600000$p3a6SYjIDjjJl0WoKB0Cn7$O/cIOFLvudjtCzLelKNSb66ujtw9i6HwkfSs2dXTa6Y=", "last_login": "2023-12-03T02:51:12.409Z", "is_superuser": false, "username": "charo", "first_name": "Charo", "last_name": "Thoya", "email": "", "is_active": true, "date_joined": "2023-12-03T02:51:10.311Z", "is_staff": false, "is_farmer": false, "is_equipment_owner": true, "is_customer": false, "gender": "male", "phone_number": "+25476630893", "country": "egypt", "groups": [1], "user_permissions": []}}, {"model": "accounts.profile", "pk": 1, "fields": {"user": 1, "image": "profile.png", "bio": null, "facebook_username": null, "instagram_username": null, "notification": false}}, {"model": "accounts.profile", "pk": 11, "fields": {"user": 11, "image": "profile.png", "bio": null, "facebook_username": null, "instagram_username": null, "notification": false}}, {"model": "accounts.profile", "pk": 12, "fields": {"user": 12, "image": "profile.png", "bio": null, "facebook_username": null, "instagram_username": null, "notification": false}}, {"model": "accounts.profile", "pk": 13, "fields": {"user": 13, "image": "profile.png", "bio": null, "facebook_username": null, "instagram_username": null, "notification": false}}, {"model": "accounts.profile", "pk": 17, "fields": {"user": 17, "image": "profile.png", "bio": null, "facebook_username": null, "instagram_username": null, "notification": false}}, {"model": "accounts.profile", "pk": 18, "fields": {"user": 18, "image": "profile.png", "bio": null, "facebook_username": null, "instagram_username": null, "notification": false}}, {"model": "accounts.profile", "pk": 19, "fields": {"user": 19, "image": "profile.png", "bio": null, "facebook_username": null, "instagram_username": null, "notification": false}}, {"model": "accounts.farmerprofile", "pk": 1, "fields": {"user": 11, "farm_name": null, "farm_size": null, "location": null, "crop_types": null}}, {"model": "accounts.farmerprofile", "pk": 2, "fields": {"user": 17, "farm_name": null, "farm_size": null, "location": null, "crop_types": null}}, {"model": "accounts.buyerprofile", "pk": 1, "fields": {"user": 13, "location": "", "preferred_categories": null, "purchase_hostory": null, "payment_info": null}}, {"model": "accounts.equipmentownerprofile", "pk": 2, "fields": {"user": 12, "rental_history": null}}, {"model": "accounts.equipmentownerprofile", "pk": 3, "fields": {"user": 18, "rental_history": null}}, {"model": "accounts.equipmentownerprofile", "pk": 4, "fields": {"user": 19, "rental_history": null}}, {"model": "accounts.contact", "pk": 1, "fields": {"name": "Dennis Musembi", "email": "dennismusembi2@gmail.com", "subject": "machine", "message": "jjj", "date": "2023-11-26T05:17:55.036Z"}}, {"model": "accounts.contact", "pk": 2, "fields": {"name": "Dennis Musembi", "email": "dennismusembi2@gmail.com", "subject": "machine", "message": "hhh", "date": "2023-11-26T05:21:33.063Z"}}, {"model": "accounts.contact", "pk": 3, "fields": {"name": "Dennis Musembi", "email": "dennismusembi2@gmail.com", "subject": "machine", "message": "tty", "date": "2023-11-26T05:22:41.940Z"}}, {"model": "accounts.contact", "pk": 4, "fields": {"name": "Dennis Musembi", "email": "dennismusembi2@gmail.com", "subject": "machine", "message": "tty", "date": "2023-11-26T05:24:06.879Z"}}, {"model": "accounts.contact", "pk": 5, "fields": {"name": "Dennis Musembi", "email": "dennismusembi2@gmail.com", "subject": "machine", "message": "tty", "date": "2023-11-26T05:25:20.135Z"}}, {"model": "accounts.contact", "pk": 6, "fields": {"name": "Dennis Musembi", "email": "dennismusembi2@gmail.com", "subject": "machine", "message": "tty", "date": "2023-11-26T05:26:03.708Z"}}, {"model": "accounts.contact", "pk": 7, "fields": {"name": "Dennis Musembi", "email": "dennismusembi2@gmail.com", "subject": "machine", "message": "contact", "date": "2023-11-26T05:26:51.205Z"}}, {"model": "accounts.contact", "pk": 8, "fields": {"name": "Dennis Musembi", "email": "dennismusembi2@gmail.com", "subject": "machine", "message": "yy", "date": "2023-11-26T05:27:51.105Z"}}, {"model": "accounts.contact", "pk": 9, "fields": {"name": "Dennis Musembi Mwendwa", "email": "dennismusembi2@gmail.com", "subject": "testing form", "message": "testing", "date": "2023-11-26T05:30:30.284Z"}}, {"model": "accounts.contact", "pk": 10, "fields": {"name": "Dennis Musembi", "email": "dennismusembi2@gmail.com", "subject": "email", "message": "testin", "date": "2023-11-26T05:32:22.496Z"}}, {"model": "accounts.contact", "pk": 11, "fields": {"name": "Dennis Musembi", "email": "dennismusembi2@gmail.com", "subject": "machine", "message": "ttt", "date": "2023-11-26T05:32:54.679Z"}}, {"model": "accounts.contact", "pk": 12, "fields": {"name": "Dennis Musembi", "email": "dennismusembi2@gmail.com", "subject": "testing form", "message": "fffff", "date": "2023-11-26T05:33:48.152Z"}}, {"model": "accounts.contact", "pk": 13, "fields": {"name": "dd", "email": "dennismusembi2@gmail.com", "subject": "fff", "message": "ggg", "date": "2023-11-26T08:52:22.455Z"}}, {"model": "farm.category", "pk": 1, "fields": {"name": "Fruits", "slug": "fruits"}}, {"model": "farm.category", "pk": 2, "fields": {"name": "Vegetables", "slug": "vegetables"}}, {"model": "farm.category", "pk": 3, "fields": {"name": "Grains and Cereals", "slug": "grains-and-cereals"}}, {"model": "farm.category", "pk": 4, "fields": {"name": "Meat and Poultry", "slug": "meat-and-poultry"}}, {"model": "farm.category", "pk": 5, "fields": {"name": "Equipment and Tools", "slug": "equipment-and-tools"}}, {"model": "farm.product", "pk": 1, "fields": {"owner": 11, "name": "Fresh beans", "slug": "fresh-beans", "category": 3, "price": "100.00", "quantity": 4000, "unit_of_measurement": "Kilo grams (kg)", "description": "The vegetable helps fight inflammation and is a good source of folate and potassium, which helps regulate blood pressure. Green beans also are a good source of protein and fiber, which helps lower cholesterol, Vadiveloo said. \"Fiber is underconsumed by U.S. adults and children, and it's good for gut health,\" she said.", "image": "products/augustus.jpg", "location": "Machakos", "harvest_date": "2023-11-11", "is_available": true}}, {"model": "farm.product", "pk": 2, "fields": {"owner": 11, "name": "Maize corn", "slug": "maize-corn", "category": 3, "price": "5000.00", "quantity": 200, "unit_of_measurement": "Kilo grams (kg)", "description": "Maize Biology  ICAR-Indian Institute of Maize Research\r\nMaize is the only food cereal crop that can be grown in diverse seasons, ecologies and uses. Beside this maize have many types like normal yellow/ white grain, sweet corn, baby corn, popcorn, waxy corn, high amylase corn, high oil corn, quality protein maize,", "image": "products/tomatoes.jpg", "location": "Shimba Hills", "harvest_date": "2023-11-15", "is_available": true}}, {"model": "farm.product", "pk": 3, "fields": {"owner": 11, "name": "Green peas", "slug": "green-peas", "category": 3, "price": "3500.00", "quantity": 300, "unit_of_measurement": "Kilo grams (kg)", "description": "Are Peas Good for You? 5 Health Benefits of Peas\r\nTheir delicate flavor pairs well with simple seasonings: a good drizzle of quality olive and a dash of salt and pepper will do the trick. When it comes to the pods, you can go ahead and eat fresh, tender young peas raw, including the pod, either by themselves or dipped into hummus.", "image": "products/augustus_iiUt9my.jpg", "location": "Kitale", "harvest_date": "2023-11-10", "is_available": true}}, {"model": "farm.cart", "pk": 56, "fields": {"product": 1, "customer": 1, "added_on_date": "2023-12-03T13:33:57.983Z", "quantity": 1}}, {"model": "farm.order", "pk": 45, "fields": {"customer": 1, "order_date": "2023-11-29T13:44:29.375Z", "status": "payed", "total_amount": "5150.00", "shipping_address": "MOMBASA", "payment_method": "card", "transaction_id": "NOVE75827F91-4", "products": [2]}}, {"model": "farm.order", "pk": 46, "fields": {"customer": 1, "order_date": "2023-11-29T13:51:45.683Z", "status": "payed", "total_amount": "206.00", "shipping_address": "MOMBASA", "payment_method": "card", "transaction_id": "NOVE5008934D-E", "products": [1]}}, {"model": "farm.order", "pk": 47, "fields": {"customer": 1, "order_date": "2023-12-01T01:38:17.636Z", "status": "payed", "total_amount": "8858.00", "shipping_address": "MOMBASA", "payment_method": "card", "transaction_id": "DECE9BFAE1C5-A", "products": [3, 2, 1]}}, {"model": "farm.order", "pk": 48, "fields": {"customer": 1, "order_date": "2023-12-03T13:34:12.705Z", "status": "pending", "total_amount": "103.00", "shipping_address": "MOMBASA", "payment_method": "card", "transaction_id": "DECE951A9966-B", "products": [1]}}, {"model": "farm.orderitem", "pk": 44, "fields": {"order": 45, "product": 2, "quantity": 1}}, {"model": "farm.orderitem", "pk": 45, "fields": {"order": 46, "product": 1, "quantity": 2}}, {"model": "farm.orderitem", "pk": 46, "fields": {"order": 47, "product": 1, "quantity": 1}}, {"model": "farm.orderitem", "pk": 47, "fields": {"order": 47, "product": 2, "quantity": 1}}, {"model": "farm.orderitem", "pk": 48, "fields": {"order": 47, "product": 3, "quantity": 1}}, {"model": "farm.orderitem", "pk": 49, "fields": {"order": 48, "product": 1, "quantity": 1}}, {"model": "farm.equipmentcategory", "pk": 1, "fields": {"name": "Tractors", "slug": "tractors"}}, {"model": "farm.equipmentcategory", "pk": 2, "fields": {"name": "Implements", "slug": "implements"}}, {"model": "farm.equipment", "pk": 1, "fields": {"name": "Tractor implement John dee", "slug": "Tractor-implement-John-dee", "description": "Some of the essential and most used machinery are combined or combined Harvester, rotary tiller, plough or plow, tractor-trailer, power harrow, leveler, water bowser, ripper machine, and disc harrow. The tractor is one of the essential machinery on the farm.", "category": 2, "owner": 12, "location": "Makueni", "price_per_hour": "8000.00", "is_available": true, "image": "equipment_img/Screenshot_from_2023-11-04_06-57-46.png"}}, {"model": "farm.equipment", "pk": 2, "fields": {"name": "Plows", "slug": "plows", "description": "Explore\r\na bladed farm implement used to turn over the surface of the soil and bury stubble, weeds, etc. in preparation for the cultivation of a crop", "category": 2, "owner": 12, "location": "Kitale", "price_per_hour": "30.00", "is_available": true, "image": "equipment_img/walking-hand-tractor.jpg"}}, {"model": "farm.equipment", "pk": 3, "fields": {"name": "combine harvester", "slug": "combine-harvester", "description": "Combine harvesting - IRRI Rice Knowledge Bank\r\nCombine harvesting combines several operations into one: cutting the crop, feeding it into threshing mechanism, threshing, cleaning, and discharging rain into a bulk wagon or directly into a bags. Straw is usually discharged behind the combine in a windrow.", "category": 1, "owner": 12, "location": "Shimba Hills", "price_per_hour": "70.00", "is_available": true, "image": "equipment_img/wheat-harvester.jpg"}}, {"model": "farm.review", "pk": 1, "fields": {"customer": 11, "product": 3, "review": "Nutrition. Peas are a good source of vitamins C and E, zinc, and other antioxidants that strengthen your immune system. Other nutrients, such as vitamins A and B and coumestrol, help reduce inflammation and lower your risk of chronic conditions, including diabetes, heart disease, and arthritis.", "review_date": "2023-11-21T09:18:33.647Z"}}, {"model": "farm.review", "pk": 2, "fields": {"customer": 1, "product": 2, "review": "For starters, not only they are an excellent source of folate, manganese, dietary fibre and protein, but they can also help you lose those extra kilos when used strategically. This one is a no-brainer. Since peas are rich in fibre, they keep you feeling fuller for a longer duration of time.", "review_date": "2023-11-21T09:19:05.455Z"}}, {"model": "farm.review", "pk": 3, "fields": {"customer": 12, "product": 1, "review": "you can go ahead and eat fresh, tender young peas raw, including the pod, either by themselves or dipped into hummus.", "review_date": "2023-11-21T09:19:37.870Z"}}, {"model": "farm.review", "pk": 4, "fields": {"customer": 12, "product": 2, "review": "Yet they also contain antinutrients, which may disrupt the absorption of some nutrients and cause digestive symptoms. However, there are several things you can do to help prevent these effects.", "review_date": "2023-11-21T09:20:04.554Z"}}, {"model": "farm.review", "pk": 5, "fields": {"customer": 1, "product": 3, "review": "The fiber has a beneficial effect on cholesterol levels by lowering total and LDL cholesterol levels in the body. In addition, the presence of multiple vitamins and minerals such as vitamin B, potassium and magnesium in white peas helps to increase good cholesterol and benefit the heart.", "review_date": "2023-11-21T09:20:30.965Z"}}, {"model": "farm.review", "pk": 6, "fields": {"customer": 1, "product": 1, "review": "Really nice green peas. They are already prewashed, so all you have to do is soak them in water for a few hours and then pressure cook them - to get that peas taste and flavour.", "review_date": "2023-11-27T11:26:53.005Z"}}, {"model": "farm.review", "pk": 7, "fields": {"customer": 11, "product": 1, "review": "Quality is good. But price is high than local market price.", "review_date": "2023-11-27T11:27:13.008Z"}}, {"model": "farm.review", "pk": 8, "fields": {"customer": 13, "product": 1, "review": "Reviewed in India on 27 November 2018", "review_date": "2023-11-27T11:27:43.155Z"}}, {"model": "farm.review", "pk": 9, "fields": {"customer": 12, "product": 1, "review": "Good according to brand name as expected.", "review_date": "2023-11-27T11:28:04.570Z"}}, {"model": "farm.review", "pk": 10, "fields": {"customer": 1, "product": 3, "review": "This is a great product.", "review_date": "2023-11-27T12:42:56.813Z"}}, {"model": "farm.review", "pk": 11, "fields": {"customer": 1, "product": 3, "review": "This is a great product.", "review_date": "2023-11-27T12:47:47.503Z"}}, {"model": "farm.frequentquestion", "pk": 1, "fields": {"question": "How can I purchase farm products through HarvestSaver Network?", "answer": "To purchase farm products, simply browse our \"Products\" section, select the items you want, and add them to your cart. Proceed to checkout, where you can review your order, choose a delivery option, and make a secure payment.", "date": "2023-11-21T09:57:09.040Z"}}, {"model": "farm.frequentquestion", "pk": 2, "fields": {"question": "Are the farm products on HarvestSaver Network organic and locally sourced?", "answer": "Yes, we prioritize offering organic and locally sourced farm products. Our platform connects you directly with farmers who adhere to sustainable and organic farming practices, ensuring fresh and high-quality produce.", "date": "2023-11-21T09:58:24.283Z"}}, {"model": "farm.frequentquestion", "pk": 3, "fields": {"question": "Can I contact the farmers directly to inquire about specific farm products?", "answer": "Absolutely! We encourage communication between buyers and farmers. Each product listing includes contact information for the farmer. Feel free to reach out, ask questions, and establish a direct connection with the farmers.", "date": "2023-11-21T10:00:29.800Z"}}, {"model": "farm.frequentquestion", "pk": 4, "fields": {"question": "How do I list my equipment for rental on HarvestSaver Network?", "answer": "To list your equipment for rental, navigate to the \"Equipment\" section and click on \"List Your Equipment.\" Fill out the required details, including equipment specifications, rental rates, and availability. Once submitted, your equipment will be visible to potential renters.", "date": "2023-11-21T10:03:40.271Z"}}, {"model": "farm.frequentquestion", "pk": 5, "fields": {"question": "Can I request a specific piece of equipment for a future date?", "answer": "Yes, you can! Navigate to the equipment listing you're interested in and check the availability calendar. If the equipment is available on your desired date, you can submit a reservation request. The owner will review your request and confirm availability.", "date": "2023-11-21T10:04:22.713Z"}}, {"model": "transit.transportbooking", "pk": 26, "fields": {"customer": 1, "order": 45, "pickup_location": "mombasa", "transport_option": "Express Delivery", "cost": "150.00", "pickup_date_time": "2023-12-03T13:44:29.835Z", "delivery_dateTime": null, "status": "Pending"}}, {"model": "transit.transportbooking", "pk": 27, "fields": {"customer": 1, "order": 46, "pickup_location": "mombasa", "transport_option": "Express Delivery", "cost": "6.00", "pickup_date_time": "2023-12-03T13:51:46.136Z", "delivery_dateTime": null, "status": "Pending"}}, {"model": "transit.transportbooking", "pk": 28, "fields": {"customer": 1, "order": 47, "pickup_location": "nairobi", "transport_option": "Express Delivery", "cost": "258.00", "pickup_date_time": "2023-12-05T01:38:18.432Z", "delivery_dateTime": null, "status": "Pending"}}, {"model": "transit.transportbooking", "pk": 29, "fields": {"customer": 1, "order": 48, "pickup_location": "mombasa", "transport_option": "Express Delivery", "cost": "3.00", "pickup_date_time": "2023-12-07T13:34:13.204Z", "delivery_dateTime": null, "status": "Pending"}}, {"model": "transit.quote", "pk": 1, "fields": {"departure": "nairobi", "delivery": "Mombasa", "weight": "3000.000", "dimensions": "5x6x6", "name": "Dennis Musembi Mwendwa", "email": "dennismusembi2@gmail.com", "phone": "+2540712930893", "message": "this quote", "date": "2023-11-25T06:41:20.002Z"}}, {"model": "transit.quote", "pk": 2, "fields": {"departure": "nairobi", "delivery": "Mombasa", "weight": "3000.000", "dimensions": "5x6x6", "name": "Dennis Musembi Mwendwa", "email": "dennismusembi2@gmail.com", "phone": "+2540712930893", "message": "this quote", "date": "2023-11-25T06:42:06.370Z"}}, {"model": "transit.quote", "pk": 3, "fields": {"departure": "nairobi", "delivery": "Mombasa", "weight": "3000.000", "dimensions": "5x6x6", "name": "Dennis Musembi Mwendwa", "email": "dennismusembi2@gmail.com", "phone": "+254712930893", "message": "another quote", "date": "2023-11-25T06:42:39.111Z"}}, {"model": "transit.quote", "pk": 4, "fields": {"departure": "nairobi", "delivery": "Mombasa", "weight": "3000.000", "dimensions": "5x6x6", "name": "Dennis Musembi Mwendwa", "email": "dennismusembi2@gmail.com", "phone": "+2540712930893", "message": "this quote", "date": "2023-11-25T06:43:53.422Z"}}, {"model": "transit.quote", "pk": 5, "fields": {"departure": "nairobi", "delivery": "Mombasa", "weight": "3000.000", "dimensions": "5x6x6", "name": "Dennis Musembi Mwendwa", "email": "dennismusembi2@gmail.com", "phone": "+2540712930893", "message": "this quote", "date": "2023-11-25T06:44:19.374Z"}}, {"model": "transit.quote", "pk": 6, "fields": {"departure": "nairobi", "delivery": "Mombasa", "weight": "3000.000", "dimensions": "5x6x6", "name": "Dennis Musembi Mwendwa", "email": "dennismusembi2@gmail.com", "phone": "+254712930893", "message": "fianl order", "date": "2023-11-25T06:44:48.671Z"}}, {"model": "transit.quote", "pk": 7, "fields": {"departure": "nairobi", "delivery": "Nairobi", "weight": "3000.000", "dimensions": "5x6x6", "name": "Dennis Musembi", "email": "dennismusembi2@gmail.com", "phone": "+2540712930893", "message": "that", "date": "2023-11-25T07:25:40.052Z"}}, {"model": "transit.quote", "pk": 8, "fields": {"departure": "nairobi", "delivery": "Mombasa", "weight": "3000.000", "dimensions": "5x6x6", "name": "Dennis Musembi Mwendwa", "email": "dennismusembi2@gmail.com", "phone": "+254712930893", "message": "final", "date": "2023-11-25T07:31:44.628Z"}}, {"model": "transit.quote", "pk": 9, "fields": {"departure": "nairobi", "delivery": "Mombasa", "weight": "3000.000", "dimensions": "5x6x9", "name": "Dennis Musembi", "email": "dennismusembi2@gmail.com", "phone": "+254712930893", "message": "that", "date": "2023-11-25T09:19:49.386Z"}}, {"model": "transit.quote", "pk": 10, "fields": {"departure": "nairobi", "delivery": "Mombasa", "weight": "3000.000", "dimensions": "5x6x6", "name": "Dennis Musembi", "email": "dennismusembi2@gmail.com", "phone": "+254712930893", "message": "rrrrrrrrrrrrrrrrrrrrrrrrrrr", "date": "2023-11-30T11:34:56.176Z"}}, {"model": "transit.quote", "pk": 11, "fields": {"departure": "nairobi", "delivery": "Mombasa", "weight": "3000.000", "dimensions": "5x6x9", "name": "Dennis Musembi", "email": "dennismusembi2@gmail.com", "phone": "+254712930893", "message": "dddddddddddddddd", "date": "2023-11-30T11:37:18.145Z"}}, {"model": "transit.quote", "pk": 12, "fields": {"departure": "nairobi", "delivery": "Mombasa", "weight": "3000.000", "dimensions": "5x6x9", "name": "Dennis Musembi", "email": "dennismusembi2@gmail.com", "phone": "+254712930893", "message": "ddssa", "date": "2023-11-30T11:40:24.071Z"}}, {"model": "transit.quote", "pk": 13, "fields": {"departure": "nairobi", "delivery": "Mombasa", "weight": "3000.000", "dimensions": "5x6x6", "name": "Dennis Musembi", "email": "dennismusembi2@gmail.com", "phone": "+254712930893", "message": "ddddddddddddddddddffffffffffffffffffff", "date": "2023-11-30T11:42:59.816Z"}}, {"model": "transit.quote", "pk": 14, "fields": {"departure": "nairobi", "delivery": "Mombasa", "weight": "3000.000", "dimensions": "5x6x9", "name": "Dennis Musembi", "email": "dennismusembi2@gmail.com", "phone": "+254712930893", "message": "fffffffgggggghhhhhhhhhhhhhhh", "date": "2023-11-30T11:43:34.336Z"}}, {"model": "payment.account", "pk": 1, "fields": {"user": 1, "account_name": " ", "account_number": "ACC7FA7552A41", "account_balance": "897824.00", "opening_date": "2023-11-27T13:46:44.638Z", "last_transaction_date": "2023-12-01T01:51:07.616Z", "total_payment": "102176.0000", "total_deposit": "0.0000"}}, {"model": "payment.account", "pk": 2, "fields": {"user": 11, "account_name": "Dennis Mwendwa", "account_number": "ACCB31F88A486", "account_balance": "1000000.00", "opening_date": "2023-11-27T13:46:44.727Z", "last_transaction_date": null, "total_payment": "0.0000", "total_deposit": "0.0000"}}, {"model": "payment.account", "pk": 3, "fields": {"user": 12, "account_name": "Dennis Mwendwa", "account_number": "ACCAAEA310D80", "account_balance": "1000000.00", "opening_date": "2023-11-27T13:46:44.821Z", "last_transaction_date": null, "total_payment": "0.0000", "total_deposit": "0.0000"}}, {"model": "payment.account", "pk": 4, "fields": {"user": 13, "account_name": "Tony Muasa", "account_number": "ACC3E70A8BA78", "account_balance": "1000000.00", "opening_date": "2023-11-27T13:46:44.946Z", "last_transaction_date": null, "total_payment": "0.0000", "total_deposit": "0.0000"}}, {"model": "payment.account", "pk": 8, "fields": {"user": 17, "account_name": "Mumbua Kasina", "account_number": "ACCE8ECF24584", "account_balance": "1000000.00", "opening_date": "2023-11-27T13:50:37.582Z", "last_transaction_date": null, "total_payment": "0.0000", "total_deposit": "0.0000"}}, {"model": "payment.account", "pk": 9, "fields": {"user": 18, "account_name": "Fatuma Omar", "account_number": "ACCC576FDDB86", "account_balance": "1000000.00", "opening_date": "2023-12-03T02:49:28.930Z", "last_transaction_date": null, "total_payment": "0.0000", "total_deposit": "0.0000"}}, {"model": "payment.account", "pk": 10, "fields": {"user": 19, "account_name": "Charo Thoya", "account_number": "ACC406369D080", "account_balance": "1000000.00", "opening_date": "2023-12-03T02:51:10.944Z", "last_transaction_date": null, "total_payment": "0.0000", "total_deposit": "0.0000"}}, {"model": "payment.payment", "pk": 22, "fields": {"customer": 1, "order": 45, "payment_method": "card", "amount": "5150.00", "timestamp": "2023-11-29T13:49:16.222Z"}}, {"model": "payment.payment", "pk": 23, "fields": {"customer": 1, "order": 45, "payment_method": "card", "amount": "5150.00", "timestamp": "2023-11-29T13:50:45.992Z"}}, {"model": "payment.payment", "pk": 24, "fields": {"customer": 1, "order": 45, "payment_method": "card", "amount": "5150.00", "timestamp": "2023-11-29T13:50:46.008Z"}}, {"model": "payment.payment", "pk": 25, "fields": {"customer": 1, "order": 46, "payment_method": "card", "amount": "206.00", "timestamp": "2023-11-29T13:52:10.660Z"}}, {"model": "payment.payment", "pk": 26, "fields": {"customer": 1, "order": 46, "payment_method": "card", "amount": "206.00", "timestamp": "2023-11-29T13:52:10.670Z"}}, {"model": "payment.payment", "pk": 27, "fields": {"customer": 1, "order": 47, "payment_method": "card", "amount": "8858.00", "timestamp": "2023-12-01T01:51:07.475Z"}}, {"model": "payment.payment", "pk": 28, "fields": {"customer": 1, "order": 47, "payment_method": "card", "amount": "8858.00", "timestamp": "2023-12-01T01:51:07.480Z"}}]